{"properties": [
  {
    "name": "spring.datasource.test-on-borrow",
    "type": "java.lang.String",
    "description": "A description for 'spring.datasource.test-on-borrow'"
  },
  {
    "name": "spring.datasource.validation-query",
    "type": "java.lang.String",
    "description": "A description for 'spring.datasource.validation-query'"
  },
  {
    "name": "jwt.secret",
    "type": "java.lang.String",
    "description": "A description for 'jwt.secret'"
  },
  {
    "name": "jwt.expiration",
    "type": "java.lang.String",
    "description": "A description for 'jwt.expiration'"
  }
]}